{
  "norm_stats": {
    "state": {
      "mean": [
        -2.764380693435669,
        -0.3325050473213196,
        0.14903797209262848,
        -1.513624906539917,
        -1.314064860343933,
        -3.0989718437194824
      ],
      "std": [
        0.29900678992271423,
        0.314843088388443,
        0.029317308217287064,
        0.2080593854188919,
        0.21161937713623047,
        0.0
      ],
      "q01": [
        -3.1690595150993897,
        -0.6994070411728455,
        0.11827042688860169,
        -1.7861770392464233,
        -1.6097428799675537,
        -3.098975896935327
      ],
      "q99": [
        -2.2032128268672793,
        0.05525084411886638,
        0.21689269030553404,
        -1.1914275911762089,
        -0.9120618996335834,
        -3.098960402627167
      ]
    },
    "actions": {
      "mean": [
        -0.00011695555440383032,
        -0.0002586632326710969,
        -9.982607480196748e-6,
        7.716653271927498e-7,
        0.000057111825299216434,
        2.4238488549599424e-8,
        0.0,
        0.0,
        0.0,
        0.0,
        0.0,
        0.0,
        0.0,
        0.0,
        0.0,
        0.0,
        0.0,
        0.0,
        0.0,
        0.0,
        0.0,
        0.0,
        0.0,
        0.0,
        0.0,
        0.0,
        0.0,
        0.0,
        0.0,
        0.0,
        0.0,
        0.0
      ],
      "std": [
        0.03611396998167038,
        0.027606859803199768,
        0.0066678388975560665,
        0.02577720768749714,
        0.03031030111014843,
        3.958583079111122e-7,
        0.08225434273481369,
        0.0,
        0.0,
        0.0,
        0.0,
        0.0,
        0.0,
        0.0,
        0.0,
        0.0,
        0.0,
        0.0,
        0.0,
        0.0,
        0.0,
        0.0,
        0.0,
        0.0,
        0.0,
        0.0,
        0.0,
        0.0,
        0.0,
        0.0,
        0.0,
        0.0
      ],
      "q01": [
        -0.0001896759194440767,
        -0.04808268288778039,
        -0.000012687867718935708,
        -0.0000715051775038722,
        -0.0003562940225497191,
        -2.3850857910156255e-7,
        -0.006231370065956421,
        0.0,
        0.0,
        0.0,
        0.0,
        0.0,
        0.0,
        0.0,
        0.0,
        0.0,
        0.0,
        0.0,
        0.0,
        0.0,
        0.0,
        0.0,
        0.0,
        0.0,
        0.0,
        0.0,
        0.0,
        0.0,
        0.0,
        0.0,
        0.0,
        0.0
      ],
      "q99": [
        0.026951389064161835,
        6.592580134467951e-6,
        0.000020672485433290144,
        0.03794989709685748,
        -0.00004207898226277207,
        4.7676215820312505e-7,
        0.09951133557517955,
        0.0,
        0.0,
        0.0,
        0.0,
        0.0,
        0.0,
        0.0,
        0.0,
        0.0,
        0.0,
        0.0,
        0.0,
        0.0,
        0.0,
        0.0,
        0.0,
        0.0,
        0.0,
        0.0,
        0.0,
        0.0,
        0.0,
        0.0,
        0.0,
        0.0
      ]
    }
  }
}